-- Seed Data for Delivery System
-- Run this AFTER supabase_delivery_tables.sql

-- =====================================================
-- DELIVERY ZONES
-- =====================================================
INSERT INTO delivery_zones (id, name, description, sort_order) VALUES
  ('11111111-1111-1111-1111-111111111001', 'Төвийн бүс', 'Бага тойруу & Ойр орчим', 1),
  ('11111111-1111-1111-1111-111111111002', 'Баруун бүс', 'Хорооллууд & Сонгинохайрхан', 2),
  ('11111111-1111-1111-1111-111111111003', 'Зүүн бүс', 'Сансар & Баянзүрх', 3),
  ('11111111-1111-1111-1111-111111111004', 'Урд бүс', 'Хан-Уул & Зайсан', 4),
  ('11111111-1111-1111-1111-111111111005', 'Хойд бүс', 'Чингэлтэй & Сүхбаатар', 5),
  ('11111111-1111-1111-1111-111111111006', 'Алслагдсан бүсүүд', 'Тусгай тарифтай', 6);

-- =====================================================
-- DELIVERY LOCATIONS - Төвийн бүс (Central)
-- =====================================================
INSERT INTO delivery_locations (zone_id, name, fee, description, sort_order) VALUES
  ('11111111-1111-1111-1111-111111111001', 'Талбай / Төв шуудан', 6000, 'Сүхбаатарын талбай орчим', 1),
  ('11111111-1111-1111-1111-111111111001', 'Их дэлгүүр / 40, 50 мянгат', 6000, 'Төвийн худалдааны төвүүд', 2),
  ('11111111-1111-1111-1111-111111111001', 'Цирк / Нарны зам', 6000, 'Цирк, Нарны гудамж орчим', 3),
  ('11111111-1111-1111-1111-111111111001', 'Багшийн дээд / ШУТИС', 6000, 'Их сургуулиудын орчим', 4);

-- =====================================================
-- DELIVERY LOCATIONS - Баруун бүс (West)
-- =====================================================
INSERT INTO delivery_locations (zone_id, name, fee, description, sort_order) VALUES
  ('11111111-1111-1111-1111-111111111002', 'Бичил / 3, 4-р хороолол', 6000, '', 1),
  ('11111111-1111-1111-1111-111111111002', '10-р хороолол / Гэмтэл', 6000, '', 2),
  ('11111111-1111-1111-1111-111111111002', '1-р хороолол', 6000, '', 3),
  ('11111111-1111-1111-1111-111111111002', '5 шар / Толгойт', 10000, '', 4);

-- =====================================================
-- DELIVERY LOCATIONS - Зүүн бүс (East)
-- =====================================================
INSERT INTO delivery_locations (zone_id, name, fee, description, sort_order) VALUES
  ('11111111-1111-1111-1111-111111111003', 'Сансар / Зүүн 4 зам', 10000, '', 1),
  ('11111111-1111-1111-1111-111111111003', '13, 15-р хороолол / Нарантуул', 10000, '', 2),
  ('11111111-1111-1111-1111-111111111003', 'Жуков / Офицеруудын ордон', 10000, '', 3),
  ('11111111-1111-1111-1111-111111111003', 'Шар хад / Амгалант', 10000, '', 4);

-- =====================================================
-- DELIVERY LOCATIONS - Урд бүс (South)
-- =====================================================
INSERT INTO delivery_locations (zone_id, name, fee, description, sort_order) VALUES
  ('11111111-1111-1111-1111-111111111004', '120 / 19-р хороолол', 6000, '', 1),
  ('11111111-1111-1111-1111-111111111004', 'Зайсан / Маршал', 6000, '', 2),
  ('11111111-1111-1111-1111-111111111004', 'Яармаг / Вива сити', 10000, '', 3);

-- =====================================================
-- DELIVERY LOCATIONS - Хойд бүс (North)
-- =====================================================
INSERT INTO delivery_locations (zone_id, name, fee, description, sort_order) VALUES
  ('11111111-1111-1111-1111-111111111005', '100 айл / 32-ын тойрог', 6000, '', 1),
  ('11111111-1111-1111-1111-111111111005', '6 буудал / 7 буудал', 10000, '', 2),
  ('11111111-1111-1111-1111-111111111005', 'Хайлааст / Чингэлтэй', 10000, '', 3);

-- =====================================================
-- DELIVERY LOCATIONS - Алслагдсан бүсүүд (Remote)
-- =====================================================
INSERT INTO delivery_locations (zone_id, name, fee, description, sort_order) VALUES
  ('11111111-1111-1111-1111-111111111006', 'Нисэх / Био комбинат', 12000, '', 1),
  ('11111111-1111-1111-1111-111111111006', '22-ын товчоо / Эмээлт', 12000, '', 2),
  ('11111111-1111-1111-1111-111111111006', 'Гачуурт / Хужирбулан', 15000, '', 3),
  ('11111111-1111-1111-1111-111111111006', 'Зуслангууд', 20000, 'Шарга морьт, Жигжид, Гүнт гэх мэт', 4),
  ('11111111-1111-1111-1111-111111111006', 'Налайх / Тэрэлж', 20000, '', 5);

-- =====================================================
-- PICKUP LOCATIONS
-- =====================================================
INSERT INTO pickup_locations (name, address, description, sort_order) VALUES
  ('Ubmart худалдааны төв', 'Чойжин ламын музьен баруун талд, 306 тоот', 'Ажлын өдрүүдэд авах боломжтой', 1);

-- =====================================================
-- COUNTRYSIDE PROVINCES (21 aimags)
-- =====================================================
INSERT INTO countryside_provinces (code, name, fee, sort_order) VALUES
  ('tov', 'Төв аймаг', 25000, 1),
  ('uvs', 'Увс аймаг', 25000, 2),
  ('khovd', 'Ховд аймаг', 25000, 3),
  ('bulgan', 'Булган аймаг', 25000, 4),
  ('dornod', 'Дорнод аймаг', 25000, 5),
  ('orkhon', 'Орхон аймаг', 25000, 6),
  ('khentii', 'Хэнтий аймаг', 25000, 7),
  ('selenge', 'Сэлэнгэ аймаг', 25000, 8),
  ('zavkhan', 'Завхан аймаг', 25000, 9),
  ('dundgovi', 'Дундговь аймаг', 25000, 10),
  ('khovsgol', 'Хөвсгөл аймаг', 25000, 11),
  ('omnogovi', 'Өмнөговь аймаг', 25000, 12),
  ('arkhangai', 'Архангай аймаг', 25000, 13),
  ('dornogovi', 'Дорноговь аймаг', 25000, 14),
  ('govi_altai', 'Говь-Алтай аймаг', 25000, 15),
  ('govisumber', 'Говьсүмбэр аймаг', 25000, 16),
  ('bayan_olgii', 'Баян-Өлгий аймаг', 25000, 17),
  ('darkhan_uul', 'Дархан-Уул аймаг', 25000, 18),
  ('ovorkhangai', 'Өвөрхангай аймаг', 25000, 19),
  ('bayankhongor', 'Баянхонгор аймаг', 25000, 20),
  ('sukhbaatar_aimag', 'Сүхбаатар аймаг', 25000, 21);
